size,ordering,algorithm,column,time_seconds
200,random,bubble,numeric,0.001621543999988262
200,random,selection,numeric,0.0007757640000249921
200,random,insertion,numeric,0.0007447419999948579
200,sorted,bubble,numeric,1.0119999956259562e-05
200,sorted,selection,numeric,0.0007473500000401145
200,sorted,insertion,numeric,1.8492000037895195e-05
200,reversed,bubble,numeric,0.0023907930000177657
200,reversed,selection,numeric,0.0008015290000003006
200,reversed,insertion,numeric,0.001375951999989411
500,random,bubble,numeric,0.011237599000025966
500,random,selection,numeric,0.005601269000010234
500,random,insertion,numeric,0.0047855270000241035
500,sorted,bubble,numeric,2.8694000036466605e-05
500,sorted,selection,numeric,0.005355598000051032
500,sorted,insertion,numeric,4.9724999996669794e-05
500,reversed,bubble,numeric,0.01647768099996938
500,reversed,selection,numeric,0.005942552000021806
500,reversed,insertion,numeric,0.009887913000000026
1000,random,bubble,numeric,0.04768859699998984
1000,random,selection,numeric,0.022812736999981098
1000,random,insertion,numeric,0.020488890000024185
1000,sorted,bubble,numeric,6.0404999999263964e-05
1000,sorted,selection,numeric,0.022338008000019727
1000,sorted,insertion,numeric,0.0001141170000096281
1000,reversed,bubble,numeric,0.06342338700000028
1000,reversed,selection,numeric,0.023544018999984928
1000,reversed,insertion,numeric,0.04143074000000979
2000,random,bubble,numeric,0.23042650799999365
2000,random,selection,numeric,0.09587151300002006
2000,random,insertion,numeric,0.0919374079999784
2000,sorted,bubble,numeric,0.00014757100001361323
2000,sorted,selection,numeric,0.09878570099999706
2000,sorted,insertion,numeric,0.00024369900000920097
2000,reversed,bubble,numeric,0.2724621130000173
2000,reversed,selection,numeric,0.09892607699998734
2000,reversed,insertion,numeric,0.1852347949999853
4000,random,bubble,numeric,0.9645988170000237
4000,random,selection,numeric,0.45207060400002774
4000,random,insertion,numeric,0.4045837930000289
4000,sorted,bubble,numeric,0.0003011800000081166
4000,sorted,selection,numeric,0.44226809799999955
4000,sorted,insertion,numeric,0.0005378650000125162
4000,reversed,bubble,numeric,1.1905779479999978
4000,reversed,selection,numeric,0.4560502869999823
4000,reversed,insertion,numeric,0.8803625929999725
1000,random,bubble,text,0.05524384599999621
1000,random,selection,text,0.031072692999998708
1000,random,insertion,text,0.022931631000005837
1000,sorted,bubble,text,7.401600004186548e-05
1000,sorted,selection,text,0.03068591999999626
1000,sorted,insertion,text,0.00012307999998029118
1000,reversed,bubble,text,0.06909721100004163
1000,reversed,selection,text,0.03190503700000136
1000,reversed,insertion,text,0.0463691660000336
